feedID,editedName,subscriptionID,homePageURL,mustRead,readTitleOnly,myAnalyst,myProject,myMedia,myPodcast,myTracer,myKOL
https://rekt.news/rss/feed.xml,Rekt News,778846cb9da54fe708f2b070afadf8d7,https://www.rekt.news/,0,0,1,0,0,0,0,0
https://submirror.xyz/0xchainbreaker.eth,0xchainbreaker.eth — Mirror,922fd27ea39a6269111afe4466827ebe,https://mirror.xyz/0xchainbreaker.eth,0,0,0,0,0,1,0,0
https://www.scopelift.co/blog?format=rss,Blog - ScopeLift - High Caliber Crypto,91ff7310d32a29e89de4b3d1f77460f5,https://www.scopelift.co/blog/,0,0,0,0,0,0,0,0
https://proofofwork.news/feed,Proof of Work,5e432754d72121527f3783daff9aa7e6,https://proofofwork.news/,0,0,0,0,0,0,0,0
https://concourseopen.com/blog/feed,Concourse Open,6819586bd9ec8b7b75f83d0df8640403,https://concourseopen.com/blog,0,0,0,0,0,0,0,0
https://bitcoinmagazine.com/.rss/full/tags/bitcoin-magazine-podcast,Bitcoin Magazine Podcast - Bitcoin Magazine,0a9526e360529f03564f7ab4d403dc92,https://bitcoinmagazine.com/,0,0,0,0,0,0,0,0
https://www.circle.com/blog/rss.xml,Circle Blog,1cb7540247d1d5576758aa2dfc158f7f,https://www.circle.com/blog,0,0,0,1,0,0,0,0
https://blog.zilliqa.com/feed,,e95801f710948f6d2a59bd10c031d5ce,https://blog.zilliqa.com/,0,0,0,0,0,0,0,0
https://bitcoin-dev.blog/feed.xml,bitcoin-dev blog,fd647e998a2d79177c18bdd8b48a86fb,https://bitcoin-dev.blog/,0,0,0,0,0,0,0,0
https://submirror.xyz/0xbeC73ba0817403cd11C11bE891D671EA30443562,freeyao - Mirror,50be9b0ad4d9dbf6e5e9201bd0f60a05,https://mirror.xyz/0xbeC73ba0817403cd11C11bE891D671EA30443562,0,0,0,0,0,0,0,0
https://blog.ethereum.world/rss/,,0762300064b3c662f689e8088e985e9e,https://blog.ethereum.world/,0,0,0,0,0,0,0,0
https://outlierventures.io/feed/,Outlier Ventures,b955fa497fc48f379c2e49de6d31152c,https://outlierventures.io/,0,0,0,0,0,0,0,0
https://blog.bitmex.com/feed/,BitMEX Blog,03855b80fe427f199c0d9cf64003f9fd,https://blog.bitmex.com/,0,0,0,0,0,0,0,0
https://www.placeholder.vc/blog?format=RSS,Placeholder Blog - Placeholder,2053885ab830d406563d63cc961805f9,https://www.placeholder.vc/blog/,0,0,0,0,0,0,0,0
https://blog.celer.network/feed/,,ba4008dba9ce087eabf39baaf7ec8ade,https://blog.celer.network/,0,0,0,0,0,0,0,0
https://zengo.com/feed/,ZenGo,a36750c37b1959ee564abbed958b7622,https://zengo.com/,0,0,0,0,0,0,0,0
https://integral.dydx.exchange/rss/,dydx,528ab581882f93165f798577eeb19574,https://integral.dydx.exchange/,0,0,0,1,0,0,0,0
https://eos.io/feed/,EOSIO,271f0d2b704a4e27908e94e337d7249a,https://eos.io/,0,0,0,0,0,0,0,0
https://www.risczero.com/blog/rss.xml,RISC Zero Blog,72a0299c537342a4f745237876d96b78,https://risczero.com/blog,0,0,0,0,0,0,0,0
https://entethalliance.org/feed/,Enterprise Ethereum Alliance,d02416e12ea9eb83d23b3d842859e70b,https://entethalliance.org/,0,0,0,0,0,0,0,0
https://blog.esprezzo.io/rss.xml,Esprezzo Blog,b67edf533e909bb31ccfe3e1504fde07,https://blog.esprezzo.io/,0,0,0,0,0,0,0,0
https://www.etoro.com/en-us/news-and-analysis/crypto/feed/,,d59c41b2a901c511bf13cebefa671756,https://www.etoro.com/en-us/news-and-analysis/crypto/feed/,0,0,0,0,0,0,0,0
https://blog.golemproject.net/feed,null,2723634ef0cee9663afe084c98ae8ba4,https://blog.golemproject.net/,0,0,0,0,0,0,0,0
https://news.mask.io/zh-Hans/rss-feed.xml,News,7e1d5f3d9a46ee22f23a3a1ec2a1ac61,http:///zh-Hans,0,0,0,0,0,0,0,0
https://www.propine.com/feed/,Digital Custody & Crypto Management Singapore | Propine Technologies,2af43a158d41fe138f4263851df1732a,https://propine.com/,0,0,0,0,0,0,0,0
https://filecoin.io/blog/feed/index.xml,Filecoin,de02d60c07fd0a2dc5b9605912787619,https://filecoin.io/blog/feed/,0,0,0,0,0,0,0,0
https://www.lynalden.com/feed/,Lyn Alden,6a2c4f3834bcc4f7d7d2665b90a50cdd,https://www.lynalden.com/,0,0,0,0,0,0,0,0
https://www.newcomer.co/feed,Newcomer,ad91756f0753fde76958baa490c86d4a,https://www.newcomer.co/,0,0,0,0,0,0,0,0
https://news.crunchbase.com/sections/crypto/feed/,Crypto Archives - Crunchbase News,6d6e55cb099b16aa06602eb4701530bc,https://news.crunchbase.com/sections/fintech-ecommerce/crypto/,1,1,0,0,0,0,1,0
https://tim.submirror.xyz/,AllCoreDevs Updates  — Mirror,09ee8a08436ebb487f918bc593cb5b8d,https://tim.mirror.xyz/,0,0,0,0,0,0,0,0
https://bitcoin.org/en/rss/releases.rss,Bitcoin Core releases,c6aa3344553888e28be6412cd20ac4d9,https://bitcoin.org/en/version-history,0,0,0,0,0,0,0,0
https://blog.spruceid.com/rss,,fcd88ab2b62c280a395d4a5710b3253d,https://blog.spruceid.com/,0,0,0,0,0,0,0,0
https://blog.tally.cash/rss,,224c8b216bd8de908cb931c94ec50328,https://blog.tally.cash/,0,0,0,0,0,0,0,0
https://www.getrevue.co/profile/kurtpan?format=rss,,8033a42f939e30b349749be0318ac799,https://www.getrevue.co/profile/kurtpan,0,0,0,0,0,0,0,0
https://blog.clipper.exchange/rss,,bdc104e18dd6567df94e7a58553b914c,https://blog.clipper.exchange/,0,0,0,0,0,0,0,0
https://blog.hermez.io/feed,Polygon Hermez | Blog,99d3ea42be8845eb1ab8093f8d1c8904,https://blog.hermez.io/,0,0,0,0,0,0,0,0
https://zeroknowledge.fm/feed/,ZK Podcast,da0156d8d4727456a6bc2123e389c4e6,https://zeroknowledge.fm/,0,0,0,0,0,1,0,0
https://defiweekly.substack.com/feed,Kerman Kohli,552a5aaaadae808521c3189ab94eddb2,,0,0,0,0,0,0,0,0
https://www.investvoyager.com/blog/rss,,5442d441c9d418087de97f62b16d2a0c,https://www.investvoyager.com/blog/,0,0,0,0,0,0,0,0
https://blog.curve.fi/feed,,90d894b6659cea0f068dcb082d001671,https://blog.curve.fi/,0,0,0,0,0,0,0,0
https://wrongalot.substack.com/feed,,6f57dca4d1aff870864afedd6b2f24ff,https://wrongalot.substack.com/,0,0,0,0,0,0,0,0
https://a16z.com/category/blockchain-cryptocurrencies/feed/,crypto & web3 – Andreessen Horowitz,fc86021ece3c92e8711ae09a6f8b9d90,https://a16z.com/,0,0,0,0,0,0,0,0
http://submirror.xyz/0xD6DB919FDDDBEd1cE19973156B49E51959408E9E,郭宇 - Mirror,f6ecd76ba0e34071d395e6deab62de86,https://mirror.xyz/0xD6DB919FDDDBEd1cE19973156B49E51959408E9E,0,0,0,0,0,0,0,0
https://b10c.me/feed.xml,0xB10C's Blog: Bitcoin Developer on 0xB10C's Blog,d28ed89b0f2c3e280a18a009f5bd2d16,https://b10c.me/,0,0,0,0,0,0,0,0
https://blog.sigmaprime.io/feeds/all.atom.xml,Sigma Prime,e193f15bb7d3f76f9952625934d437e2,https://blog.sigmaprime.io/,0,0,0,0,0,0,0,0
https://blog.kraken.com/feed/,,6f7e907f3d8ebc79d59fdb19a0529868,https://blog.kraken.com/,0,0,0,0,0,0,0,0
https://www.trustnodes.com/feed,Trustnodes,ad01e1b1c66774764bb92a8de4c8dec4,https://www.trustnodes.com/,1,1,0,0,0,0,1,0
https://tryroll.com/feed/,,9c02c484d1efd7ca0e8445db3f02bb2e,https://tryroll.com/,0,0,0,0,0,0,0,0
https://feeds.feedburner.com/ConsenSys/posts,ConsenSys,fa69e72c38a8b36dac07febb76b32ce4,https://consensys.net/,0,0,0,0,0,0,0,0
https://skale.network/blog/rss,SKALE | Blog,00cda7b9de7d4073368572bd693ac43e,https://skaleblog.ghost.io/,0,0,0,0,0,0,0,0
https://tbd54566975.ghost.io/rss/,,0173205d3d90f30d55eb91aae5d292f7,https://tbd54566975.ghost.io/,0,0,0,0,0,0,0,0
http://blog.bitfinex.com/feed/,,2bb6d73454dfc171f248282d3df9fd8e,https://blog.bitfinex.com/,0,0,0,0,0,0,0,0
https://research.thetie.io/feed/,The TIE Research,9de92fb9d01bd78154ae69b3d6d8f801,https://research.thetie.io/,0,0,1,0,0,0,0,0
https://zfnd.org/feed/,zcash foundation,d46369ddec272230b8473f2299cd7bb0,https://zfnd.org/,0,0,0,0,0,0,0,0
https://www.erisx.com/feed/,ErisX,128e7a4f617827c1cf41103d3c77e7b0,https://www.erisx.com/,0,0,0,0,0,0,0,0
https://blog.edgewa.re/rss/,,23cba5e745e040c988b8199f208e19d9,https://blog.edgewa.re/,0,0,0,0,0,0,0,0
http://blog.clr.fund/feed,,e1fa38b746034b33db12de0136a63dfc,https://blog.clr.fund/,0,0,0,0,0,0,0,0
http://walletconnect.submirror.xyz/,,58c488bcae67c55e9eeb07d3fcd02b3e,https://walletconnect.mirror.xyz/,0,0,0,0,0,0,0,0
https://unchainedpodcast.com/feed/,Unchained Podcast,7a4b524bcb8996fde6598f50d650de49,https://unchainedpodcast.com/,0,0,0,0,0,1,0,0
https://submirror.xyz/0xd35C826BF2bEd9a6a448A184026199B500D60514,,069b533f6f3090dce4c46947e499f668,https://mirror.xyz/0xd35C826BF2bEd9a6a448A184026199B500D60514,0,0,0,0,0,0,0,0
https://submirror.xyz/0x5e349eca2dc61aBCd9dD99Ce94d04136151a09Ee,,8c810126753208ff37e50df1450b6833,https://mirror.xyz/0x5e349eca2dc61aBCd9dD99Ce94d04136151a09Ee,0,0,0,0,0,0,0,0
https://www.ledger.com/category/blog-posts/feed/,,1d4e5007540b9293dcfa4809b25be76f,https://www.ledger.com/,0,0,0,0,0,0,0,0
https://blog.frame.sh/rss/,Frame Labs,a46434b686709ae118a617829fc605c1,https://blog.frame.sh/,0,0,0,0,0,0,0,0
https://submirror.xyz/dataalways.eth,Data Always,584c6ddc9b8f11a0cc5fa261c8f6d0cf,https://mirror.xyz/dataalways.eth,0,0,0,0,0,0,0,0
https://blog.nucypher.com/rss/,,371bb1bdc3956b5ec8e769b14ea0968d,https://blog.nucypher.com/,0,0,0,0,0,0,0,0
https://www.globenewswire.com/SubscribeToRss/uYBer3uzJgsFPGKc1jORaA%3d%3d,,aa053f3967868f8a6fff0c57fa3ed7c5,https://www.globenewswire.com/RssFeed/Organization/jINPji4SQ9aFRzTPilg1xQ==,0,0,0,0,0,0,0,0
https://veradiverdict.substack.com/feed/,VeradiVerdict,be49d0513d328b79d7dd7ab02e758ae9,,0,0,0,0,0,0,0,0
https://woobull.com/rss/,,6229a0e094e75056e954da06d4013418,https://woobull.com/,0,0,0,0,0,0,0,0
https://blueskyweb.xyz/rss.xml,Bluesky,2d735f6c11f3e7d266eb661684d43fbc,https://blueskyweb.xyz/,0,0,0,0,0,0,0,0
https://blog.lopp.net/rss/,Cypherpunk Cogitations,51460ab23a52ab1283c5c7b70ace7ea5,https://blog.lopp.net/,0,0,0,0,0,0,0,0
https://newsletter.euler.finance/feed,Euler’s Newsletter,32e14a4082eea25783cda90a3beeb812,https://newsletter.euler.finance/,0,0,0,0,0,0,0,0
https://ethhub.substack.com/feed,EthHub,d5820b13c6f1306c3fac0da090178646,https://ethhub.substack.com/,0,0,0,0,0,0,0,0
https://boba.network/feed/,Boba,27bbe9cd34dbd17d7a48d5f00dcacb74,https://boba.network/,0,0,0,0,0,0,0,0
https://our.status.im/rss/,Our Status,b3a3e754020e305d64d581abaed0be76,https://our.status.im/,0,0,0,0,0,0,0,0
https://github.com/flashbots/mev-geth/releases.atom,Release notes from mev-geth,1797e6153211ed4b0dbe8ea4f6a5feb7,https://github.com/flashbots/mev-geth/releases,0,0,0,1,0,0,0,0
https://solidity.ethereum.org/feed.xml,,707d0edb3687f386f8b5e8a802a8ad4e,https://blog.soliditylang.org/,0,0,0,0,0,0,0,0
https://blog.wasabiwallet.io/rss/,,69e84a051bcbf382441df77d593abf32,https://blog.wasabiwallet.io/,0,0,0,0,0,0,0,0
https://blog.keys.casa/rss/,,19b0bb3870ee7ed7a4c7f6598e165cfe,https://blog.keys.casa/,0,0,0,0,0,0,0,0
https://feeds.feedblitz.com/marginalrevolution,,4e6a28a6a80f77788e4806cb7412bbf6,https://marginalrevolution.com/,0,0,0,0,0,0,0,0
https://coinmetrics.substack.com/feed,Coin Metrics' State of the Network,867de7cb9014b5d0869189dbe71cde8e,https://bitcoinops.org/en/newsletters,1,0,1,0,0,0,0,0
http://feeds.feedburner.com/tradeblockfeed,TradeBlock,a3343f9e0f9d8624179971c10c4ae066,https://blog.tradeblock.com/,0,0,0,0,0,0,0,0
https://blog.revolut.com/rss,Revolut Blog,37e8c08c1f7b68ff20d014c88866235d,https://blog.revolut.com/,0,0,0,0,0,0,0,0
https://bitpay.com/blog/feed,,b015e6e734d241ed89f24c613eaccec5,https://bitpay.com/blog/,0,0,0,0,0,0,0,0
https://blog.rook.fi/rss/,,a1d686538c012a19041ba462084088d9,https://blog.rook.fi/,0,0,0,0,0,0,0,0
https://blog.makerdao.com/feed,,f7f84801904b71b3cf576b839c159581,https://blog.makerdao.com/,0,0,0,1,0,0,0,0
https://bisq.network/blog/feed.atom,,b18d30b8395c53170b0d103244717988,https://bisq.network/,0,0,0,0,0,0,0,0
https://vitalik.ca/feed.xml,Vitalik Buterin's website,de2075f3ce4a1a60125f546fecdda4ff,https://vitalik.ca/,0,0,0,0,0,0,0,1
https://blog.colony.io/rss/,,69b2460aa016de2bce55fe8688f8fcdb,https://blog.colony.io/,0,0,0,0,0,0,0,0
https://blog.idex.io/all-posts?format=rss,,d39545b71ea8152289f9c26ed0dce578,https://blog.idex.io/all-posts/,0,0,0,0,0,0,0,0
https://blog.crypto.com/rss/,,3d0efd2be9538c56e6b99b76a25e0a2b,https://blog.crypto.com/,0,0,0,0,0,0,0,0
https://uncommoncore.co/feed/,Uncommon Core by Su Zhu and Hasu,d996b4efd0088f754cb61e658463eb67,https://uncommoncore.co/,0,0,0,0,0,0,0,0
https://blog.synthetix.io/rss/,Synthetix Blog,57303fab7d3e662c53ccd44b04be7ad2,https://blog.synthetix.io/,0,0,0,1,0,0,0,0
https://submirror.xyz/0xc19be75B8B9152d884987e1B58b3F18A94875396,橙皮书 - Mirror,0ff3ab54daaee3e10324fb7f4f5806ef,https://mirror.xyz/0xc19be75B8B9152d884987e1B58b3F18A94875396,0,0,0,0,0,0,0,0
https://minaprotocol.com/feed,Mina Protocol,fac97bd7a1fc874aba84fa2285445df4,https://minaprotocol.com/,0,0,0,0,0,0,0,0
https://blog.chainalysis.com/feed/,Chainalysis,212df0effff53daf3ba24d4d79faa0c9,https://blog.chainalysis.com/,0,0,0,0,0,0,0,0
https://brave.com/blog/feed,Brave’s Latest News on Brave Browser,acddb1d4d54c9dff9cdc191c6145ec4f,https://brave.com/blog/,0,0,0,0,0,0,0,0
http://feeds.feedburner.com/Blog-KonradSGraf,Blog - Konrad S. Graf,5684e7de85ab687b873d41c9e7d89eba,https://www.konradsgraf.com/blog1/,0,0,0,0,0,0,0,0
https://blog.blockstack.org/feed/,Stacks Blog – Apps and smart contracts for Bitcoin,f48d494996e4242140cdb8558384d1e5,https://blog.blockstack.org/,0,0,0,0,0,0,0,0
https://samczsun.com/rss/,samczsun,8580e538e5ff5412da6d6456cdb78eb7,https://samczsun.com/,0,0,1,0,0,0,0,0
https://electriccoin.co/feed/,,f76745db369e765da21aff2ec093eede,https://electriccoin.co/,0,0,0,0,0,0,0,0
https://blog.celestia.org/rss/,Celestia Blog,f7296953f2706adc3f67b86c48e0bd2b,https://blog.celestia.org/,0,0,0,0,0,0,0,0
https://decentraland.org/blog/feed.xml,decentraland,e47648d01ae6117abc2fdf2fc3bcdab3,https://decentraland.org/blog/,0,0,0,1,0,0,0,0
https://news.ethereum.cn/rss.xml,Ethereum Community Network,f7dc34ee9e3d1330527995fa2d204c41,http://github.com/dylang/node-rss,0,0,0,0,0,0,0,0
https://blog.deribit.com/feed/,Deribit Insights,8214d3f090c2dcbb76f22c054c43a516,https://insights.deribit.com/,0,0,0,0,0,0,0,0
https://seekingalpha.com/news/crypto/feed,,6c6470d3b41b623c65978bdf22fe3aab,https://seekingalpha.com/news/crypto,0,0,0,0,0,0,0,0
https://www.blockwaresolutions.com/research-and-publications?format=rss,Blockware Research & Publications - Blockware Solutions,0335b6f3fc9a24a0e871e79a1dc8963a,https://www.blockwaresolutions.com/research-and-publications/,0,0,0,0,0,0,0,0
https://www.btcstudy.org/atom.xml,,0e02183bd935920576b280d5873e2f5b,,0,0,0,0,0,0,0,0
https://decryptmedia.com/feed/,,aa9438a521a5fc1eda9006a16dfd02ae,https://decrypt.co/feed,0,0,0,0,0,0,0,0
https://nearprotocol.com/feed/,,d32dc3850999d344426f79c798c44b15,https://near.org/,0,0,0,0,0,0,0,0
https://truebit.substack.com/feed,,f1700217cdec1b2f363279e69b4a564d,https://truebit.substack.com/,0,0,0,0,0,0,0,0
https://akasha.org/rss.xml,,862802f0450e431830e830039a30ddd9,https://akasha.org/,0,0,0,0,0,0,0,0
https://www.mechanism.capital/feed/,Mechanism Capital,7339bcd9e3c43f75c62c9a7ecf7bb87d,https://www.mechanism.capital/,0,0,0,0,0,0,0,0
https://feeds.simplecast.com/YaYB9tjI,"51% with Mable Jiang, Presented by Multicoin Capital",965bc0f59d722811d38805b864f8d4f3,https://51-with-mable-jiang-presented-by-multicoin-capital.simplecast.com/,0,0,0,0,0,0,0,0
https://blockworks.co/feed/,Blockworks,5a7684c56cdbf0ac7cd3fd6e82a004ec,https://blockworks.co/,0,0,0,0,1,0,0,0
https://www.coincenter.org/feed,Coin Center,91fbda153dd9d3a948df276e55e46c79,https://www.coincenter.org/,0,0,0,0,0,0,0,0
https://www.opennode.co/blog/feed/,OpenNode Blog,87a57022696b14c69272f3f905b78929,https://www.opennode.com/blog/,0,0,0,0,0,0,0,0
https://blog.ceramic.network/rss/,,6ae82ad1423d2c6b96988e9702514faa,https://blog.ceramic.network/,0,0,0,0,0,0,0,0
https://chia.net/feed.xml,,d041a3dcf0529fc8bacc593b53a165dc,https://chia.net/,0,0,0,0,0,0,0,0
https://outlierventures.io/research/feed/,Research | Outlier Ventures,b8dcc51b77368ea43cbf7d2def727b4f,https://outlierventures.io/,0,0,0,0,0,0,0,0
https://multicoin.capital/rss.xml,Multicoin Capital,fe0f87ec202096947bcfed801d7b12fa,https://multicoin.capital/,0,0,0,0,0,0,0,0
https://blog.bitmex.com/feed/?lang=zh_CN,BitMEX 博客,e50845a6f0dae965d86328d96cba42ad,https://blog.bitmex.com/,0,0,0,0,0,0,0,0
https://uponly.tv/feed/,Up Only,cc923d083683883f1e18be4c28ffb466,https://uponly.tv/,0,0,0,0,0,0,0,0
https://www.hyperledger.org/feed,Hyperledger Foundation,94379ee2378a83d1bd73ad6c4433adbd,https://www.hyperledger.org/,0,0,0,0,0,0,0,0
http://feeds.libsyn.com/247424/rss,Bankless,46b081806a880b7039d69b70003af53e,http://podcast.banklesshq.com/,0,0,0,0,0,1,0,0
https://bitcoinops.org/feed.xml,Bitcoin Optech,c001acfabb0a180ce3ba2e69eb631c8f,https://bitcoinops.org/,1,0,0,0,0,0,1,0
https://blog.orchid.com/rss.xml,,6bf2b01847f78d25ad5ae9f05fd7e0bc,https://blog.orchid.com/,0,0,0,0,0,0,0,0
https://0xsoros.substack.com/feed,,e9ea277bb7cb222480ac2d81dd542143,https://0xsoros.substack.com/,0,0,0,0,0,0,0,0
https://minerupdate.substack.com/feed,,bfa3a590a9fc2fa84a0fc7da729966e6,https://minerupdate.substack.com/,0,0,0,0,0,0,0,0
https://a16zcrypto.substack.com/feed,,0921ee4e250d01679dd009dcd68789e3,https://a16zcrypto.substack.com/,0,0,0,0,0,0,0,0
https://submirror.xyz/fundamentalabs.eth,,097159236a594d145d017cc72e209d3f,https://mirror.xyz/fundamentalabs.eth,0,0,0,0,0,0,0,0
https://withcadence.io/feed/,,f490aa0372f4c3028172eba3078b72e3,https://percent.com/,0,0,0,0,0,0,0,0
https://nakamoto.com/rss/,,109aaa872fad2f673fe132dd9b6d36dd,https://nakamoto.com/,0,0,0,0,0,0,0,0
https://augur.substack.com/feed/,Augur Weekly,1be7653dfc8a8d5ff479e809c5cd5c6b,,0,0,0,1,0,0,0,0
https://grinnews.substack.com/feed,,baa3a9bdd9df9e5b177f20a13235dc6b,https://grinnews.substack.com/,0,0,0,0,0,0,0,0
https://caitlin-long.com/feed/,Caitlin Long,671462d27e891273a9cec81e097749b8,https://caitlin-long.com/,0,0,0,0,0,0,0,0
https://techflowpost.substack.com/feed,,adbc2e91628d073d518343c1bb99a187,https://techflowpost.substack.com/,0,0,0,0,0,0,0,0
https://blog.openzeppelin.com/feed/,,7b7f144d5aaadfeaf0eb3e315de1d9cf,https://blog.openzeppelin.com/,0,0,0,0,0,0,0,0
https://xage.com/feed/,Xage Security,69c20ba0bd26fa2bbdbd00861e4f5d97,https://xage.com/,0,0,0,0,0,0,0,0
https://www.elliptic.co/blog/rss.xml,Elliptic Blog,adcb53297532512ee914881d0d49b638,https://www.elliptic.co/blog,0,0,0,0,0,0,0,0
http://www.oreilly.com/radar/feed/index.xml,Radar,bb29d3c5aaf25869f64241a5df98f843,https://www.oreilly.com/radar,0,0,0,0,0,0,0,0
https://blog.zeitgeist.pm/rss/,,1eb4acb1a3fa661b007f1184bf4b9269,https://blog.zeitgeist.pm/,0,0,0,0,0,0,0,0
https://fuel-labs.ghost.io/rss/,,f97e5c5dc15bba0a773d4bc0ded53a99,https://fuel-labs.ghost.io/,0,0,0,0,0,0,0,0
https://blog.ipfs.io/index.xml,IPFS Blog & News,cf8d569bbfdd3e36494fb386573f5e58,https://blog.ipfs.tech/,0,0,0,0,0,0,0,0
https://rss.app/feeds/_b730IyHUx5nmOO8w.xml,,95e4ed97217434b06d3315b4bfe07d45,https://rss.app/,0,0,0,0,0,0,0,0
https://blog.blocknative.com/blog/rss.xml,,d24b9e791509e0af584c9ddb9699230d,https://www.blocknative.com/blog,0,0,0,0,0,0,0,0
https://blog.ethereum.org/feed.xml,Ethereum Blog,262ad26331ce8dd20f11e69d67a5e846,https://blog.ethereum.org/,0,0,0,0,0,0,0,0
https://polkadot.network/blog/feed,,4338556fb8d019608e922ece13545889,https://polkadot.network/,0,0,0,0,0,0,0,0
https://globalcoinresearch.com/feed/,GCR,cfae214421e7793f2797728169fda868,https://globalcoinresearch.com/,0,0,0,0,0,0,0,0
https://feeds.simplecast.com/JGE3yC0V,a16z Podcast,a84f6b2e4d68586fdca7efaddc5e6059,https://a16z.simplecast.com/,0,0,0,0,0,0,0,0
https://blog.blockstream.com/rss/,Blockstream,2fb5fa3876138e61a6a4bd42c5e4b2a0,https://blog.blockstream.com/,0,0,0,0,0,0,0,0
https://blog.simbachain.com/blog/rss.xml,SIMBA Chain Blog,eac442fcd61f32a8dcb085a547a6e64a,https://blog.simbachain.com/blog,0,0,0,0,0,0,0,0
https://cryptobriefing.com/feed/,Crypto Briefing,6664bf2ae45a561e4131386d52d52e74,https://cryptobriefing.com/,0,0,0,0,0,0,0,0
https://www.blocktempo.com/feed/,区块律动,dbb2f618806576c42fd2c98423cdc63b,https://www.blocktempo.com/,0,0,0,0,1,0,0,0
https://weekinethereumnews.com/feed/,Week in Ethereum News,f770ee304fecdb4be96ab2e22618857e,https://weekinethereumnews.com/,1,0,0,0,0,0,1,0
https://dotleap.substack.com/feed,,0fa01053c5ec63eccc2b23b02c6df537,https://newsletter.dotleap.com/,0,0,0,0,0,0,0,0
http://feeds.feedburner.com/Coindesk,CoinDesk,34fc3121733961de5c103c82f173d7fa,https://www.coindesk.com/,0,0,0,0,1,0,0,0
https://blog.trailofbits.com/feed/,Trail of Bits Blog,2a93e0bd1c8b872d3cbf1f104cc403ae,https://blog.trailofbits.com/,0,0,0,0,0,0,0,0
https://unenumerated.blogspot.com/feeds/posts/default,Unenumerated,02a811357e293014cbd69dd26bc67c69,https://unenumerated.blogspot.com/,0,0,0,0,0,0,0,0
https://blog.nomics.com/feed/,,55e1d8f71b080092c53f40ae0ae9dd0d,https://nomics.com/blog,0,0,0,0,0,0,0,0
https://blog.alphafinance.io/rss/,Alpha Venture DAO,7c53cef9bee3591b2055f8ce1028ae3d,https://blog.alphaventuredao.io/,0,0,0,1,0,0,0,0
https://castleisland.libsyn.com/rss,On The Brink with Castle Island,76d2215ca7288c3d4d3bd792c1c753b0,https://castleisland.libsyn.com/website,0,0,0,0,0,1,0,0
https://nickler.ninja/atom.xml,,1aaf2e2c867c43ceeb14f2fa368a831e,,0,0,0,0,0,0,0,0
https://thedefiant.substack.com/feed,,db561132f12eeda87e67792c86a0c05f,https://newsletter.thedefiant.io/,0,0,0,0,0,0,0,0
https://gitcoin.co/blog/feed/,Gitcoin's Blog,da6cec1a822261eef6c335550813180f,https://gitcoin.co/blog/,0,0,0,0,0,0,0,0
https://blog.fleek.co/rss.xml,Fleek Blog,8590f740bc8ec9206eef907b395babb1,https://blog.fleek.co/,0,0,0,0,0,0,0,0
https://blog.chain.link/rss/,Chainlink Blog,49d9e303d73d4bc537827543823057e8,https://blog.chain.link/,0,0,0,0,0,0,0,0
https://uphold.com/en/blog/feed,,f4d54ab99c17d4db40daee659b3d85a0,https://blog.uphold.com/,0,0,0,0,0,0,0,0
https://www.palkeo.com/blog/atom.xml,palkeo,5476d8d5e5c96094c7bea62fd8546215,,0,0,0,0,0,0,0,0
https://snakecharmers.ethereum.org/rss/,,42cf77ead44f510493134ce8850356f0,https://snakecharmers.ethereum.org/,0,0,0,0,0,0,0,0
https://alfablok.substack.com/feed,AlfaBlok,2657b6d30fc7bd85d38bd5eaeda60655,https://alfablok.substack.com/,0,0,0,0,0,0,0,0
https://blog.ethfinex.com/rss/,,2a916697c539b8cb3ae1b0c8798b43ba,https://rhino.fi/,0,0,0,0,0,0,0,0
https://medium.com/feed/@thelaoofficial,Stories by The LAO on Medium,639b289cdab03aff909d50588b9164ab,https://medium.com/@thelaoofficial?source=rss-61217eadf32d------2,0,0,0,0,0,0,0,0
https://medium.com/feed/balancer-protocol,Balancer Protocol - Medium,893cf5d2b3995ca5e9c3d2e945a6f016,https://medium.com/balancer-protocol?source=rss----c0ac9f127fc5---4,0,0,0,0,0,0,0,0
https://medium.com/feed/renproject,Ren Project - Medium,eb8641d6a88e2f1381ef2ff8e7bfb500,https://medium.com/renproject?source=rss----bdbd2b280141---4,0,0,0,0,0,0,0,0
https://medium.com/feed/magiclabs,Magic - Medium,7f7ab8e10fcc93b8e5bcedfb73886878,https://medium.com/magiclabs?source=rss----879bd95001c8---4,0,0,0,0,0,0,0,0
https://blog.0xproject.com/feed,0x Blog - Medium,5455c4dc17fe2885104c9cf6a3644458,https://blog.0xproject.com?source=rss----86e37ca8e375---4/,0,0,0,0,0,0,0,0
https://medium.com/feed/centrifuge,Centrifuge - Medium,68ac90f16f2470df2a4cca50b98ea2f8,https://medium.com/centrifuge?source=rss----3fedb79e85fe---4,0,0,0,0,0,0,0,0
https://medium.com/feed/@eglvote,Stories by EGL on Medium,5989e6322607339757e230f55ee9f162,https://medium.com/@eglvote?source=rss-d9b260dc303d------2,0,0,0,0,0,0,0,0
https://medium.com/feed/dtrade,Firefly - Medium,dd0e211272b95ee14371477dfed36a8e,https://medium.com/firefly?source=rss----c8d458de65e5---4,0,0,0,0,0,0,0,0
https://medium.com/feed/equilibrium-eosdt,Equilibrium - Medium,abb95bd0a645d565ca07eb60fda43b67,https://medium.com/equilibrium-eosdt?source=rss----57df018d3ce6---4,0,0,0,0,0,0,0,0
https://medium.com/feed/@Blockfolio,Stories by Blockfolio on Medium,160de26670213edf3b882eb507831e34,https://medium.com/@blockfolio?source=rss-1de88e7fa3dd------2,0,0,0,0,0,0,0,0
https://medium.com/feed/alkemi,Alkemi Network - Medium,a4ba250852c44a3b7a76f1ab77226e81,https://medium.com/alkemi?source=rss----d948e2a23d9c---4,0,0,0,0,0,0,0,0
https://medium.com/feed/@archerdao,Stories by Archer Team on Medium,cdbabda98a918db6e65db1b1d9723356,https://medium.com/@archerdao?source=rss-8e982cd365da------2,0,0,0,0,0,0,0,0
https://medium.com/feed/argenthq,Argent - Medium,1c0a9a547f0236e164a9629a602ca17f,https://medium.com/argenthq?source=rss----e4d9d9d7d52d---4,0,0,0,0,0,0,0,0
https://medium.com/feed/@myetherwallet,Stories by MyEtherWallet on Medium,7a9a97f69dade17ed0b5abd1017ad249,https://medium.com/@myetherwallet?source=rss-a9af0d538df5------2,0,0,0,0,0,0,0,0
https://medium.com/feed/reflexer-labs,Reflexer Labs - Medium,9a2a37890b96dcde1d16318c5d546d36,https://medium.com/reflexer-labs?source=rss----af574d3e4bbf---4,0,0,0,0,0,0,0,0
https://medium.com/feed/swipe,Swipe - Medium,eef0cc822da5f6c514cf3469fc9e2f09,https://blog.swipe.io?source=rss----572ba2f33ce4---4/,0,0,0,0,0,0,0,0
https://medium.com/feed/opium-network,Opium - Medium,8a79d416564cb2954eede2786551cc88,https://medium.com/opium-network?source=rss----7cecf055b4bc---4,0,0,0,0,0,0,0,0
https://medium.com/feed/@portis,Stories by portis on Medium,21f4cf0e988e92037f471a0917e5bc33,https://medium.com/@portis?source=rss-56bd0a809585------2,0,0,0,0,0,0,0,0
https://medium.com/feed/defi-alliance,DeFi Alliance - Medium,511ce400c12d4baa5ee60dc7a2c58b78,https://medium.com/alliancedao?source=rss----8cbc249b47fe---4,0,0,0,0,0,0,0,0
https://medium.com/feed/metacartel,MetaCartel DAO - Medium,01bb8e39b70abec9ec257ecf6ec44c0d,https://medium.com/metacartel?source=rss----95022a27897---4,0,0,0,0,0,0,0,0
https://medium.com/feed/@benqifinance,Stories by BENQI on Medium,a786b0c4d201e5181cf933ffc5aa8129,https://medium.com/@benqifinance?source=rss-742a4284a7c9------2,0,0,0,0,0,0,0,0
https://medium.com/feed/blockchain,@blockchain - Medium,6bdd254111cd53a61c4ae7ff4ff1afa9,https://medium.com/blockchain?source=rss----8ac49aa8fe03---4,0,0,0,0,0,0,0,0
https://medium.com/feed/@StarkWare,Stories by StarkWare on Medium,222da1ffb1ca2cb955b32fb22fcca05c,https://medium.com/@starkware?source=rss-373f5878a0c6------2,0,0,0,0,0,0,0,0
https://medium.com/feed/celoorg,The Celo Blog - Medium,dde3763975e5b5ce9d2e8cf8abb4235c,https://blog.celo.org?source=rss----291cc98479ad---4/,0,0,0,0,0,0,0,0
https://medium.com/feed/poap,POAP - Medium,f65cf0f33adcbcefdfd0f87d7e6834a6,https://medium.com/poap?source=rss----749eb44bc66b---4,0,0,0,0,0,0,0,0
https://medium.com/feed/@CMTDigitalLtd,Stories by CMT Digital Limited on Medium,97afc908cf21e720bd607286b3eaf2ba,https://medium.com/@cmtdigitalltd?source=rss-3f56c0cc3760------2,0,0,0,0,0,0,0,0
https://medium.com/feed/2key,2key - Medium,4a4c051043b7f69b29c5b68445078db2,https://medium.com/2key?source=rss----9d8bf7a70075---4,0,0,0,0,0,0,0,0
https://medium.com/feed/nomic-foundation-blog,Nomic Foundation - Medium,4f646431d5ab23e4f45dc17dbff58a4a,https://medium.com/nomic-foundation-blog?source=rss----2db11fd1fd8e---4,0,0,0,0,0,0,0,0
https://medium.com/feed/vegaprotocol,Vega Protocol - Medium,17d2e6763e059225513eec02b5a41556,https://blog.vega.xyz?source=rss----ac3f275d266f---4/,0,0,0,0,0,0,0,0
https://blog.angle.money/feed,Angle Protocol - Medium,64706c2947d6bc81b80e056e5c908da8,https://blog.angle.money?source=rss----ae4bca80c747---4/,0,0,0,1,0,0,0,0
https://medium.com/feed/sushiswap-org,Sushi - Medium,17f48e4048fe571eb489ac0d54a432ce,https://medium.com/sushiswap-org?source=rss----253ae1eaeb9e---4,0,0,0,1,0,0,0,0
https://medium.com/feed/@1inch-exchange,Stories by 1inch Exchange on Medium,34a2c0086f578451c5478c1fb4d037cc,https://medium.com/@1inch-exchange?source=rss-c4f4cadf8a31------2,0,0,0,1,0,0,0,0
https://medium.com/feed/@polynya,Stories by Polynya on Medium,1d08a066b3748b2114d9bff26c4fd49f,https://medium.com/@polynya?source=rss-923c922a6d67------2,0,0,0,0,0,0,0,0
https://medium.com/feed/@blockwallet,Stories by BlockWallet on Medium,19ee882e2f7eabf542191747f80e0d1e,https://medium.com/@blockwallet?source=rss-dcf6523f0415------2,0,0,0,0,0,0,0,0
https://medium.com/feed/metamask,MetaMask - Medium,9a046f3f1f273e004703ca220ace6ce0,https://medium.com/metamask?source=rss----a7c9b269e554---4,0,0,0,0,0,0,0,0
https://medium.com/feed/@alchemistcoin,Stories by Alchemist on Medium,9349bcafb44962885d4a1aac8892f9da,https://medium.com/@alchemistcoin?source=rss-e06366021637------2,0,0,0,0,0,0,0,0
https://medium.com/feed/trustless-fund,Trustless Fund - Medium,789162a0a7817fc76ec38aef98453391,https://medium.com/trustless-fund?source=rss----7f9b3736637---4,0,0,0,0,0,0,0,0
https://medium.com/feed/interlay,Interlay - Medium,2cad0adc17aa039d190fbf98f7a55ef4,https://medium.com/interlay?source=rss----31867097c1a3---4,0,0,0,0,0,0,0,0
https://www.bis.org/doclist/bis_fsi_publs.rss?from=&till=&objid=bis_fsi_publs&page=&paging_length=20&sort_list=date_desc&theme=simpledate_author_publseries&ml=false&mlurl=&emptylisttext=&view=show_series%3Dfalse%26show_author%3Dtrue%26show_publ_type%3Dtrue,BIS and FSI publication and research,27d6fb599b457d93e903a00597dcdf1b,http://www.bis.org/doclist/bis_fsi_publs.rss,0,0,0,0,0,0,0,0
https://medium.com/feed/etherscan-blog,Etherscan Blog - Medium,393f2046e8fd3096ff81d4faa7e4f2bf,https://medium.com/etherscan-blog?source=rss----3f7df27da979---4,0,0,0,0,0,0,0,0
https://medium.com/feed/@Vertalo,Stories by Vertalo on Medium,d30ab7764bcab139649c82f90ad6e325,https://medium.com/@vertalo?source=rss-86347d8c846f------2,0,0,0,0,0,0,0,0
https://medium.com/feed/@unitradeapp,Stories by Unitradeappnews on Medium,4c4dc1961ac9204e07e0402cc99c7a63,https://medium.com/@unitradeapp?source=rss-e5e8dadd1875------2,0,0,0,0,0,0,0,0
https://medium.com/feed/aave,Aave Blog - Medium,761ae9462a2d4f592d3fec9fe766715a,https://medium.com/aave?source=rss----b4ab878e405---4,0,0,0,1,0,0,0,0
https://medium.com/feed/@opengsn,Stories by OpenGSN on Medium,ccc76db2d093ac40aa3478a45f5ff4f6,https://medium.com/@opengsn?source=rss-6b884a5e08ce------2,0,0,0,0,0,0,0,0
https://medium.com/feed/connext,Connext - Medium,8a51d04cb3c3414620689809518b4373,https://blog.connext.network?source=rss----2ac5b00f188e---4/,0,0,0,0,0,0,0,0
https://medium.com/feed/layerzero-official,LayerZero Official - Medium,6a6bee54c1e759406c11f1628128e633,https://medium.com/layerzero-official?source=rss----86a3a7f3e9a7---4,0,0,0,0,0,0,0,0
https://www.chainfeeds.xyz/rss,ChainFeeds精选,f479f87bee6d5a2d0aa33c02f2564606,,0,0,0,0,1,0,0,0
https://medium.com/feed/nknetwork,#NKN - Medium,83e0fa4b35adab63e92676bcff7a9760,https://medium.com/nknetwork?source=rss----74a530315018---4,0,0,0,0,0,0,0,0
https://medium.com/feed/vesperfinance,Vesper Finance - Medium,d5b687f179c33287aea9c58bf307f530,https://medium.com/vesperfinance?source=rss----8ef8ac6c0597---4,0,0,0,0,0,0,0,0
https://medium.com/feed/@primitivefinance,Stories by Primitive on Medium,2fd8d5b5c2e92ac5c8998503403a43a4,https://medium.com/@primitivefinance?source=rss-60c08806472a------2,0,0,0,0,0,0,0,0
https://medium.com/feed/authereum,Authereum - Medium,6e687ebc62fed4071572db39db77eb44,https://medium.com/authereum?source=rss----6420f9b3810c---4,0,0,0,0,0,0,0,0
https://medium.com/feed/taipei-ethereum-meetup,Taipei Ethereum Meetup - Medium,e38591694ffb90fea6bfb0b4e48b21e6,https://medium.com/taipei-ethereum-meetup?source=rss----756327875b4f---4,0,0,0,0,0,0,0,0
https://medium.com/feed/mintbase,Mintbase - Medium,054bfd09bbabb6abef49d1982bd687d2,https://blog.mintbase.io?source=rss----dd628fb3a722---4/,0,0,0,0,0,0,0,0
https://medium.com/feed/@borderlesscapital,Stories by Borderless Capital on Medium,412a0057b108c0038c2abb822fc1a4d6,https://medium.com/@borderlesscapital?source=rss-554e3c0c6258------2,0,0,0,0,0,0,0,0
https://medium.com/feed/@idlefinance,Stories by Idle on Medium,7c2b55ad5018680438a44ba036703a50,https://medium.com/@idlefinance?source=rss-da9bdf996fb4------2,0,0,0,0,0,0,0,0
https://medium.com/feed/fabric-ventures,Fabric Ventures - Medium,e69a6e9fd4d1d2bbb43efe23e45aab3d,https://medium.com/fabric-ventures?source=rss----bf736dc2a705---4,0,0,0,0,0,0,0,0
https://medium.com/feed/compound-finance,Compound - Medium,5517977561e2a1be057a50a0cafea849,https://medium.com/compound-finance?source=rss----22e4df2110f5---4,0,0,0,1,0,0,0,0
https://medium.com/feed/@bouncefinance,Stories by Bounce.finance on Medium,a72a9f3a4a47b7c6ad87a6781ee6c12a,https://medium.com/@bouncefinance?source=rss-74b4e5aa79f6------2,0,0,0,0,0,0,0,0
https://medium.com/feed/nexus-mutual,Nexus Mutual - Medium,d036d7d650b64bdb58bfdf29a9ee366b,https://medium.com/nexus-mutual?source=rss----d805f56259b0---4,0,0,0,0,0,0,0,0
https://medium.com/feed/universalprotocol,Universal Protocol - Medium,85dd125d86af3c3fe2cd1224468c0204,https://medium.com/universalprotocol?source=rss----971f34a4465a---4,0,0,0,0,0,0,0,0
https://medium.com/feed/@tellor,Stories by Tellor Core on Medium,b53f9c66155455f5bc04e7acc393dbeb,https://medium.com/@tellor?source=rss-3d2211a8ac6b------2,0,0,0,0,0,0,0,0
https://medium.com/feed/nearprotocol,NEAR Protocol - Medium,c736ccf9d478f21a9da11e334fc9dcb2,https://medium.com/nearprotocol?source=rss----1128a53be4a7---4,0,0,0,0,0,0,0,0
https://medium.com/feed/blocksethq,BlocksetHQ - Medium,f7410a2c151c52f3b689166ad11eb235,https://medium.com/blocksethq?source=rss----9750d5009905---4,0,0,0,0,0,0,0,0
https://medium.com/feed/charmfinance,Charm - Medium,e6b18bf38822caf89b5be0671e3b8068,https://medium.com/charmfinance?source=rss----e3d6417747b5---4,0,0,0,0,0,0,0,0
https://medium.com/feed/tempusfinance,tempus - Medium,e45a3344e36ec99c00a4c08b97df63c6,https://medium.com/tempusfinance?source=rss----53d8a9af663a---4,0,0,0,0,0,0,0,0
https://medium.com/feed/@defi-lab,Stories by Defi Lab on Medium,593450a0d2b05a67ca9498261e28bc84,https://medium.com/@defi-lab?source=rss-915f6bb96892------2,0,0,0,0,0,0,0,0
https://medium.com/feed/instadapp,Instadapp - Medium,3a218cc7fa750da365b0eab1de629e11,https://medium.com/instadapp?source=rss----ec9ccaa9fe7c---4,0,0,0,0,0,0,0,0
https://medium.com/feed/mysterium-network,Mysterium Network - Medium,6edceb66d48dcd5efbf9d799018dd427,https://medium.com/mysterium-network?source=rss----e1f644086cfd---4,0,0,0,0,0,0,0,0
https://blog.gnosis.pm/feed,GnosisDAO - Medium,820532df4adc9d1ea9cf40021e82a32a,https://blog.gnosis.pm?source=rss----ea1d6ddec010---4/,0,0,0,1,0,0,0,0
https://medium.com/feed/fluidity,Fluidity - Medium,c16043347b6ea958efa288561f2de3e2,https://medium.com/fluidity?source=rss----3ae031e78825---4,0,0,0,0,0,0,0,0
https://messari.io/rss,Messari Crypto News Feed,0642020c20b3e093f6f0d24b00d36235,https://messari.io/,0,0,1,0,0,0,0,0
https://blog.sia.tech/feed,Sia and Skynet Blog - Medium,156b48b80cc531e557ab1080a50dee90,https://blog.sia.tech?source=rss----4cd2f4a04096---4/,0,0,0,0,0,0,0,0
https://medium.com/feed/@ribbonfinance,Stories by Ribbon Finance on Medium,1d8a9db561162e6233533d936f29df5d,https://medium.com/@ribbonfinance?source=rss-232ac4f79e84------2,0,0,0,0,0,0,0,0
https://medium.com/feed/arianee,Arianee - Medium,46450f6a3c5b542203e188951c7e642d,https://medium.com/arianee?source=rss----5732deef1f4d---4,0,0,0,0,0,0,0,0
https://medium.com/feed/aztec-protocol,Aztec Network - Medium,e4d64062488c433d61ddcdb953266bbb,https://medium.com/aztec-protocol?source=rss----f75d14c7bf64---4,0,0,0,0,0,0,0,0
https://medium.com/feed/gyroscope-protocol,gyroscope-protocol - Medium,6115efd88b32395efc03df5ecac7ddf0,https://medium.com/gyroscope-protocol?source=rss----1d44736f4db6---4,0,0,0,0,0,0,0,0
https://medium.com/feed/@blockstream,Stories by Blockstream on Medium,b575eaf412af92f91d164acb363a61c0,https://medium.com/@blockstream?source=rss-b04e9938aa06------2,0,0,0,0,0,0,0,0
https://medium.com/feed/givecrypto,GiveCrypto.org - Medium,701751f8b2202ec47d229df029507ade,https://medium.com/givecrypto?source=rss----714f6f68e5be---4,0,0,0,0,0,0,0,0
https://medium.com/feed/@mustcometh,Stories by Quoletta on Medium,cbf96d6cc20ac2918054b4c806356e0b,https://medium.com/@mustcometh?source=rss-4cce6205c4fa------2,0,0,0,0,0,0,0,0
https://medium.com/feed/@nymtech,Stories by Nym on Medium,9cf24e0b087e70aad4e493aa62b5d419,https://medium.com/@nymtech?source=rss-31df456bf882------2,0,0,0,0,0,0,0,0
https://medium.com/feed/nodle-io,Nodle - Medium,eaf3767a98eb8254e1887313c9fe7803,https://medium.com/nodle-io?source=rss----6fd562c04010---4,0,0,0,0,0,0,0,0
https://medium.com/feed/reach-sh,Reach Platform - Medium,ecdec5a131d3e6d7ef9f6f3f2dd348ff,https://medium.com/reach-sh?source=rss----d99f38c59b5---4,0,0,0,0,0,0,0,0
https://medium.com/feed/lexdaoism,LexDAOism - Medium,33806ea1adce4074c6a7e93ca3b01786,https://medium.com/lexdaoism?source=rss----ca74c08fed97---4,0,0,0,0,0,0,0,0
https://medium.com/feed/safenetwork,safenetwork - Medium,43d6f22f70f48b82620696f23de8bc28,https://medium.com/safenetwork?source=rss----7e00c60e6bd---4,0,0,0,0,0,0,0,0
https://medium.com/feed/@xdefi-io,Stories by XDEFI Wallet on Medium,d46a5d62157e590a46336ed307952895,https://medium.com/@xdefi-io?source=rss-afa23a7e872a------2,0,0,0,0,0,0,0,0
https://medium.com/feed/sandbox-game,The Sandbox - Medium,e6da79a37a88fbb264ffb3c6c16baf44,https://medium.com/sandbox-game?source=rss----df97fb047c1e---4,0,0,0,1,0,0,0,0
https://medium.com/feed/uma-project,UMA Project - Medium,cb8d6dfff66e04e4b1ba98fe6b324cc2,https://medium.com/uma-project?source=rss----e0a14dc9da94---4,0,0,0,0,0,0,0,0
https://medium.com/feed/pendle,Pendle - Medium,7f27c6f9841bb25f5c330a462b22b341,https://medium.com/pendle?source=rss----f12bc65d5788---4,0,0,0,0,0,0,0,0
https://medium.com/feed/@degate,Stories by DeGate Team on Medium,d7eb939d8db8c3220657098a64359a59,https://medium.com/@degate?source=rss-a24c95fa993d------2,0,0,0,0,0,0,0,0
https://medium.com/feed/lien-finance,Lien - Medium,a6941b12713695cae29729bf7dee0a77,https://medium.com/lien-finance?source=rss----7037e013e675---4,0,0,0,0,0,0,0,0
https://medium.com/feed/@arweave,Stories by The Arweave Project on Medium,0a5b88c5aab4e03e05240c5f3469d9c9,https://medium.com/@arweave?source=rss-6dc77d82a3ce------2,0,0,0,0,0,0,0,0
https://medium.com/feed/mercuryo,Mercuryo - Medium,5e7dcd1b708441c56306dde6889de4a1,https://medium.com/mercuryo?source=rss----274d18e0c699---4,0,0,0,0,0,0,0,0
https://medium.com/feed/@dfinity,Stories by DFINITY on Medium,031c35db37980aa6aaa88f0caa825c15,https://medium.com/@dfinity?source=rss-f46cd59473d8------2,0,0,0,0,0,0,0,0
https://medium.com/feed/apifiny,Apifiny - Medium,b49ad448f50b6a9aa46263103895dd54,https://medium.com/apifiny?source=rss----b13cc89e35a7---4,0,0,0,0,0,0,0,0
https://blog.bitgo.com/feed,Official BitGo Blog - Medium,c1273098170afcc99638b0fda1df2e16,https://blog.bitgo.com?source=rss----9f21e8f3e4cf---4/,0,0,0,0,0,0,0,0
https://medium.com/feed/@alchemixfi,Stories by Alchemix Finance on Medium,9979b1211d7dae10cacc9d16e83f84f8,https://medium.com/@alchemixfi?source=rss-f61c1ead72e7------2,0,0,0,0,0,0,0,0
https://medium.com/feed/sylo-io,Sylo - Medium,59536e6a16b0e22a0a8a6679b442c910,https://medium.com/sylo-io?source=rss----c7b219b42ce7---4,0,0,0,0,0,0,0,0
https://medium.com/feed/futureswap,Futureswap - Medium,06e11f2dbd63742c2803860caf70edba,https://medium.com/futureswap?source=rss----29e14fc8a5a0---4,0,0,0,0,0,0,0,0
https://medium.com/feed/taxanetwork,Taxa Network - Medium,7a1c7016ec9fd3cd4a51136b7f3c7908,https://medium.com/taxanetwork?source=rss----60fd07f5375d---4,0,0,0,0,0,0,0,0
https://medium.com/feed/@ACINQ,Stories by ACINQ on Medium,df615a2138af4447587fea012dd0e4d9,https://medium.com/@ACINQ?source=rss-74c0a4fc8ad0------2,0,0,0,0,0,0,0,0
https://medium.com/feed/blockrocket,BlockRocket - Medium,2a15bd2383b1427ca2ccc9e0cc5ce100,https://medium.com/blockrocket?source=rss----7f76c9c078cf---4,0,0,0,0,0,0,0,0
https://blog.slock.it/feed,slock.it Blog - Medium,8716ebf1c9d4a78f202f8a95c87f0cd6,https://blog.slock.it?source=rss----15115b6d917a---4/,0,0,0,0,0,0,0,0
https://medium.com/feed/@floatprotocol,Stories by Float Protocol on Medium,c76cb180e1dec5fdacaab8f281094b00,https://medium.com/@floatprotocol?source=rss-f0ba53b91a14------2,0,0,0,0,0,0,0,0
https://medium.com/feed/@arcana-network,Stories by Arcana Network on Medium,782fd6f5666519a3f83e989d3d39ebc0,https://medium.com/@arcana-network?source=rss-aa460d59ab5d------2,0,0,0,0,0,0,0,0
https://medium.com/feed/powerpool/,PowerPool - Medium,f6e77aea2e2e4ea56e2d596ad0ec6418,https://medium.com/powerpool?source=rss----734b6abdb4f3---4,0,0,0,0,0,0,0,0
https://medium.com/feed/privacy-scaling-explorations,Privacy &amp; Scaling Explorations - Medium,f5fa2d023b9c2455bfdba9964ec18014,https://medium.com/privacy-scaling-explorations?source=rss----67efc7e2b2cd---4,0,0,0,0,0,0,0,0
https://medium.com/feed/gauntlet-networks,Gauntlet - Medium,cba94c83bae492bff68f4cafefacb222,https://medium.com/gauntlet-networks?source=rss----dad5234dee29---4,0,0,0,1,0,0,0,0
https://medium.com/feed/@MIXMARVELGAME,Stories by MIXMARVEL on Medium,525d1d393b905ac7d884997fe05be338,https://medium.com/@mixmarvelgame?source=rss-aae187a0e1b------2,0,0,0,0,0,0,0,0
https://medium.com/feed/ensofinance,EnsoFinance - Medium,e682098535284bfd87238aa9373eb12a,https://medium.com/ensofinance?source=rss----cd7c74b58282---4,0,0,0,0,0,0,0,0
https://medium.com/feed/spatium-blog,Spatium Blog - Medium,f5a9cc47a5416678b1bb52fadd00f6cb,https://medium.com/spatium-blog?source=rss----a543d958e7---4,0,0,0,0,0,0,0,0
https://medium.com/feed/mycrypto,MyCrypto - Medium,83c05b302fdcdd6c90e152b429b45624,https://medium.com/mycrypto?source=rss----73b403ec792---4,0,0,0,0,0,0,0,0
https://medium.com/feed/@thalesmarket,Stories by Thales on Medium,4148fa74548d32fae34ac6cf12e4c2b4,https://medium.com/@thalesmarket?source=rss-485757756f28------2,0,0,0,0,0,0,0,0
https://medium.com/feed/@provablethings,Stories by pNetwork Team on Medium,2d822dd94caa88cab90139e7fc5479f0,https://medium.com/@provablethings?source=rss-a41c4fa08481------2,0,0,0,0,0,0,0,0
https://medium.com/feed/pooltogether,PoolTogether - Medium,1c5dc7836a5f424b5e8e7d5a04f08abc,https://medium.com/pooltogether?source=rss----29205989d61a---4,0,0,0,0,0,0,0,0
https://medium.com/feed/findora,Findora - Medium,212e79e97ba9476b350a07b80974aa97,https://medium.com/findora?source=rss----3cb84c699100---4,0,0,0,0,0,0,0,0
https://medium.com/feed/fio-blog,FIO Blog - Medium,8a4ba374335d7da95bb81c89a1f4d650,https://medium.com/fio-blog?source=rss----512dde304f1a---4,0,0,0,0,0,0,0,0
https://medium.com/feed/dragonfly-research,Dragonfly Research - Medium,fae61c662fa0dab2214620d43de0851f,https://medium.com/dragonfly-research?source=rss----7fa41fcb856f---4,0,0,1,0,0,0,0,0
https://medium.com/feed/bankless-dao,BanklessDAO - Medium,05735ea28bf6c46311482b8b28527968,https://medium.com/bankless-dao?source=rss----2e8b6adb479c---4,0,0,0,0,0,0,0,0
https://medium.com/feed/defi-saver,DeFi Saver - Medium,b621832e995de9d0b85bd5af49f059e4,https://medium.com/defi-saver?source=rss----7a348acbc4a4---4,0,0,0,0,0,0,0,0
https://medium.com/feed/@raiden_network,Stories by The GPU Report on Medium,5f67f208a0ef64b06aba9dcdef3bdc4f,https://medium.com/@raiden_network?source=rss-7f4283e262ec------2,0,0,0,0,0,0,0,0
https://medium.com/feed/chainsafe-systems,ChainSafe - Medium,758e917451fc973b6ebf4e7a9859251c,https://blog.chainsafe.io?source=rss----5bc1bd9a4d33---4/,0,0,0,0,0,0,0,0
https://medium.com/feed/@forcedao,Stories by Force on Medium,c3c8aaf527211d251e1200d041bf93b0,https://medium.com/@forcedao?source=rss-e0f61a4e39fd------2,0,0,0,0,0,0,0,0
https://medium.com/feed/@visorfinance,Stories by Visor Finance on Medium,427c6b320c9383748b19ebfe8ea8e090,https://medium.com/@visorfinance?source=rss-b882b8a1079d------2,0,0,0,0,0,0,0,0
https://medium.com/feed/@dhedgeorg,Stories by dHEDGE on Medium,a9758d44bdb2e2484c10081024ed7d1a,https://medium.com/@dhedgeorg?source=rss-ad98078febf1------2,0,0,0,0,0,0,0,0
https://medium.com/feed/matter-labs,Matter Labs - Medium,7cbaf75827afc2e870a1f488b3632a4c,https://blog.matter-labs.io?source=rss----bd3444e7f3b9---4/,0,0,0,0,0,0,0,0
https://medium.com/feed/opyn,Opyn - Medium,7914965ff72cf24b415ceeec1b56c24d,https://medium.com/opyn?source=rss----850b56baf5d0---4,0,0,0,0,0,0,0,0
https://medium.com/feed/daofi,DAOfi - Medium,169aaf63833081abb7730d8c8f2a244a,https://medium.com/daofi?source=rss----a599c834877c---4,0,0,0,0,0,0,0,0
https://medium.com/feed/derivadex,DerivaDEX - Medium,ffe633d1eb5a69f3604dcfa63720cfd8,https://medium.com/derivadex?source=rss----7c760cf81e2a---4,0,0,0,0,0,0,0,0
https://medium.com/feed/crypto-punks,Crypto Punks - Medium,96a591aef9fd6e81fce07bb2c574d8a4,https://medium.com/crypto-punks?source=rss----23fc77c20ccd---4,0,0,0,0,0,0,0,0
https://bitquery.io/feed,Bitquery,eb76fb5b92d9d0349cae6b03e0f093c8,https://bitquery.io/,0,0,0,0,0,0,0,0
https://medium.com/feed/bakkt-blog,Bakkt Blog - Medium,5e69fc3260d7586933b5a1d8406d385a,https://medium.com/bakkt-blog?source=rss----651ee7a81f08---4,0,0,0,0,0,0,0,0
https://medium.com/feed/reserve-currency,Reserve - Medium,cf07b8881c27a6094d105e194c83ec72,https://medium.com/reserve-currency?source=rss----5698c40d7862---4,0,0,0,0,0,0,0,0
https://medium.com/feed/visorfinance,Visor Finance - Medium,08933f05cf96de18ce25dceca1b6045d,https://medium.com/visorfinance?source=rss----d6f0b74e53c7---4,0,0,0,0,0,0,0,0
https://medium.com/feed/@degofinance,Stories by DEGO on Medium,0bac258c9aa0a301c22ffc7c6e8c04ff,https://medium.com/@degofinance?source=rss-505a08ac3de1------2,0,0,0,0,0,0,0,0
https://medium.com/feed/@gelatonetwork,Stories by Gelato Network on Medium,c11c4ef0379604c0fd89a870ea48f8e9,https://medium.com/@gelatonetwork?source=rss-138670364fdd------2,0,0,0,0,0,0,0,0
https://medium.com/feed/cartesi,Cartesi - Medium,ebcbd3bc23807552f25c7d54e73143a3,https://medium.com/cartesi?source=rss----3d101cbe0e79---4,0,0,0,0,0,0,0,0
https://medium.com/feed/@PanteraCapital,Stories by Pantera Capital on Medium,6cce5bd291c348c219b137446e2b642e,https://medium.com/@panteracapital?source=rss-d25fb22875fb------2,0,0,0,0,0,0,0,0
https://medium.com/feed/@convergencefinance,Stories by Convergence Finance on Medium,0ad790c1e4ae5c3d4fdccb1a60866320,https://medium.com/@convergencefinance?source=rss-4c4afe7e003b------2,0,0,0,0,0,0,0,0
https://medium.com/feed/omnibolt,OmniBOLT - Medium,a770107949a0e397d7ea5b7982e84e17,https://medium.com/omnibolt?source=rss----5771bfed6642---4,0,0,0,0,0,0,0,0
https://medium.com/feed/minaprotocol/,MinaProtocol - Medium,8914beac9a345cf55753858224fbf6be,https://medium.com/minaprotocol?source=rss----b335894c85e1---4,0,0,0,0,0,0,0,0
https://medium.com/feed/electric-capital,Electric Capital - Medium,6071db02eee63f67d90c8c642ffa97ef,https://medium.com/electric-capital?source=rss----34ad76bae5f7---4,0,0,0,0,0,0,0,0
https://medium.com/feed/dforcenet,dForce - Medium,98865496b42cfdca39c4a691a30d09f4,https://medium.com/dforcenet?source=rss----ed9dcd685d4a---4,0,0,0,0,0,0,0,0
https://medium.com/feed/@goodghosting,Stories by GoodGhosting on Medium,a38add586899472881a05d4420928818,https://medium.com/@goodghosting?source=rss-ce37c71232eb------2,0,0,0,0,0,0,0,0
https://medium.com/feed/finnexus,Phoenix Finance - Medium,1c520f4226bd77d08a9c06c860fec473,https://medium.com/phoenix-finance?source=rss----1036c5691134---4,0,0,0,0,0,0,0,0
https://www.bis.org/doclist/bispapers.rss?from=&till=&objid=bispapers&page=&paging_length=10&sort_list=date_desc&theme=simpledate_author&ml=false&mlurl=&emptylisttext=&view=show_series%3Dtrue,BIS Papers,7d92ead6e2d9e0049fe41fc7d4bd76c7,http://www.bis.org/doclist/bispapers.rss,0,0,0,0,0,0,0,0
https://medium.com/feed/@primefoundation,Stories by PrimeDAO on Medium,5bb32d95c1a6edfeb727fe432cb9f107,https://medium.com/@primefoundation?source=rss-7bcbf526d12e------2,0,0,0,0,0,0,0,0
https://medium.com/feed/colliderventures,Colliderventures - Medium,66f367427f0c3f001fe9355d84bd9017,https://medium.com/colliderventures?source=rss----eb22130b2449---4,0,0,0,0,0,0,0,0
https://blog.leverj.io/feed,LEVERJ - Medium,b769c09b140c5970479309cca621bf53,https://blog.leverj.io?source=rss----1efc2f0df9de---4/,0,0,0,0,0,0,0,0
https://medium.com/feed/klaytn,Klaytn - Medium,1a095836f43a223845db9afc049b971e,https://medium.com/klaytn?source=rss----fdd4b65b0d8f---4,0,0,0,0,0,0,0,0
https://medium.com/feed/pinata,Pinata - Medium,742b8b678e1827a583bbbc8ddcbd16b8,https://medium.com/pinata?source=rss----2673487302f5---4,0,0,0,0,0,0,0,0
https://medium.com/feed/anomanetwork,Anoma - Medium,305364686d1efb36a162b5aec28e3f1c,https://medium.com/anomanetwork?source=rss----c5feaf7323ee---4,0,0,0,0,0,0,0,0
http://blog.enigma.co/rss,Enigma - Medium,8e7eaf9096a84dc3d4d8283e3a381480,https://blog.enigma.co?source=rss----6cb5d792f282---4/,0,0,0,0,0,0,0,0
https://medium.com/feed/@avalabs,Stories by Ava Labs on Medium,4ef3d313d1e7501f493ff83c88cd90b2,https://medium.com/@avalabs?source=rss-2d09314f14e9------2,0,0,0,0,0,0,0,0
https://medium.com/feed/@erisxinsights,Stories by ErisX Insights on Medium,2fdc589a360248226a77c16707ec91d5,https://medium.com/@erisxinsights?source=rss-4bda2338fcd9------2,0,0,0,0,0,0,0,0
https://medium.com/feed/nethermind-eth,Nethermind.eth - Medium,3f00500df20211fb58d3bdb45fa92ae5,https://medium.com/nethermind-eth?source=rss----1bff9efe177b---4,0,0,0,0,0,0,0,0
https://medium.com/feed/@hellodapper,Stories by Dapper Labs on Medium,23d05cfc7392c632be3a3a16578abfe3,https://medium.com/@hellodapper?source=rss-6544777e30d2------2,0,0,0,0,0,0,0,0
https://medium.com/feed/hoprnet,HOPR - Medium,4aa2e3a3227b8fc745e5b4a2ac14e459,https://medium.com/hoprnet?source=rss----e2d690217e99---4,0,0,0,0,0,0,0,0
https://medium.com/feed/beam-mw,BEAM Privacy - Medium,7ea4d099a611b87ad4cdfa7659f6de5f,https://medium.com/beam-mw?source=rss----dc2e8961f33f---4,0,0,0,0,0,0,0,0
https://medium.com/feed/polkadot-network,Polkadot Network - Medium,7b54834d1d3aaed388b8b82c336e14e4,https://medium.com/polkadot-network?source=rss----c4f9788290b0---4,0,0,0,0,0,0,0,0
https://medium.com/feed/mstable,mStable - Medium,b4730685c1eaf648efad05cf1cd96e1b,https://medium.com/mstable?source=rss----51cbfe8929bd---4,0,0,0,0,0,0,0,0
https://medium.com/feed/monolith,Monolith - Medium,586ba15e225c532a1425db1c04a870fe,https://medium.com/monolith?source=rss----b4688084ca7e---4,0,0,0,0,0,0,0,0
https://medium.com/feed/@JimmyMow,Stories by Jack Mallers on Medium,13f9b9244ac25203bf72fcf2c6684736,https://medium.com/@jimmymow?source=rss-fb26851df6e0------2,0,0,0,0,0,0,0,0
https://medium.com/feed/bluewallet,bluewallet - Medium,fb50bee96eb19e0b3bc2f2039ed8783d,https://medium.com/bluewallet?source=rss----e015e4cf0a9---4,0,0,0,0,0,0,0,0
https://medium.com/feed/horizongames,Horizon Games - Medium,1fa72269a8eee59fad609b3064e7373c,https://medium.com/horizongames?source=rss----1c57cdf4f813---4,0,0,0,0,0,0,0,0
https://medium.com/feed/barnbridge,BarnBridge - Medium,4e276c5c08b6c0b33ef03f8592ec9eb0,https://medium.com/barnbridge?source=rss----c360cdb00b16---4,0,0,0,0,0,0,0,0
https://medium.com/feed/muunwallet,Muun - Medium,b11f1fdb123cdfdc10e3f8e3ec4dc069,https://medium.com/muunwallet?source=rss----ec2f323c0a55---4,0,0,0,0,0,0,0,0
https://medium.com/feed/fei-protocol,Fei Protocol - Medium,d98dbe1875ec7b5bfd066e30c01e94bf,https://medium.com/fei-protocol?source=rss----b0badb1560ea---4,0,0,0,0,0,0,0,0
https://medium.com/feed/alphawallet,Smart Token Labs - Medium,5f6466ec722b4fca2f8644cc4a9afb1b,https://medium.com/alphawallet?source=rss----4bb94869cb8e---4,0,0,0,0,0,0,0,0
https://medium.com/feed/dmm-dao,DMM DAO - Medium,4b5e0bd7a175e3453c75cf3e495e14ac,https://medium.com/dmm-dao?source=rss----421e966e10fa---4,0,0,0,0,0,0,0,0
https://medium.com/feed/@superfluid_HQ,Stories by Superfluid on Medium,2a335ee2eb21460207fb249bee009c2e,https://medium.com/@superfluid_HQ?source=rss-e67994220d22------2,0,0,0,0,0,0,0,0
https://medium.com/feed/nexo,Nexo - Medium,b41718f5895c2bd0dd608d26fa7b7002,https://medium.com/nexo?source=rss----e822ef111e82---4,0,0,0,0,0,0,0,0
https://medium.com/feed/@whalesharkdotpro,Stories by Whale Shark on Medium,931e58c1d460faaace694574ff924b78,https://medium.com/@whalesharkdotpro?source=rss-46e637eb91ff------2,0,0,0,0,0,0,0,0
https://medium.com/feed/stasis-blog,STASIS Blog - Medium,42a295d7d72afe9c4e978bbb5df4870c,https://medium.com/stasis-blog?source=rss----f79575ccb03---4,0,0,0,0,0,0,0,0
https://medium.com/feed/flexa,Flexa - Medium,bb35ad0f3e579a7e0adfbb76cb565d49,https://medium.com/flexa?source=rss----1c78872c0f5a---4,0,0,0,0,0,0,0,0
https://medium.com/feed/indexcoop,The Index Coop - Medium,19cf4f18a6df34d427c0d644ca576fff,https://medium.com/indexcoop?source=rss----8cc89e2e4cf4---4,0,0,0,0,0,0,0,0
https://medium.com/feed/@badgerdao,Stories by BadgerDAO 🦡 on Medium,5c17628558deb179cb54a580d3666386,https://medium.com/@badgerdao?source=rss-ffca8eca24a------2,0,0,0,0,0,0,0,0
https://medium.com/feed/centre-blog,Centre blog - Medium,6f554d57888a1089d2d852041e12bcee,https://medium.com/centre-blog?source=rss----f6dff22fec50---4,0,0,0,0,0,0,0,0
https://medium.com/feed/flashbots,Flashbots - Medium,1252ec26bd008ae78f920dc5aea3d048,https://medium.com/flashbots?source=rss----cedc9103358b---4,0,0,0,1,0,0,0,0
https://medium.com/feed/offchainlabs,Offchain Labs - Medium,82635f7c0dbff19290844b871718e803,https://medium.com/offchainlabs?source=rss----8fe9b9975433---4,0,0,0,0,0,0,0,0
https://medium.com/feed/prysmatic-labs,Prysmatic Labs - Medium,b99ee6c28b794d0e562b664e2fd40961,https://medium.com/prysmatic-labs?source=rss----33260c5177c6---4,0,0,0,0,0,0,0,0
https://medium.com/feed/babylon-finance,Babylon.finance - Medium,ae126f42ff8ae25f3396a443a37cf406,https://medium.com/babylon-finance?source=rss----ac45421e0985---4,0,0,0,0,0,0,0,0
https://medium.com/feed/@dewialliance,Stories by Helium Foundation on Medium,05202403a85635d7195a200b589b3d23,https://medium.com/@dewialliance?source=rss-a789e9404ef7------2,0,0,0,0,0,0,0,0
https://medium.com/feed/liquity,Liquity - Medium,5e21a32150a29da333d13d8ce08bf03d,https://medium.com/liquity?source=rss----38abf0a5eb61---4,0,0,0,0,0,0,0,0
https://medium.com/feed/set-protocol,Set Labs - Medium,7dbbf51ed3bfa2109b3c6b2723073b00,https://medium.com/set-protocol?source=rss----26ee7b38ba12---4,0,0,0,0,0,0,0,0
https://medium.com/feed/breez-technology,Breez Technology - Medium,b6267ad5a5bcd223deeb24b6d4817e58,https://medium.com/breez-technology?source=rss----5f269a6c2ae1---4,0,0,0,0,0,0,0,0
https://medium.com/feed/@avalancheavax,Stories by Avalanche on Medium,9b2b3e3841af87aeff04535757bc9f0e,https://medium.com/@avalancheavax?source=rss-f7c9f4ea738f------2,0,0,0,0,0,0,0,0
https://medium.com/feed/chainsecurity,ChainSecurity - Medium,c5b29eff5505822a7054db2e78c70262,https://medium.com/chainsecurity?source=rss----1ce063846624---4,0,0,0,0,0,0,0,0
https://medium.com/feed/@bloxroutelabs,Stories by bloXroute Team on Medium,56eb4c12b7386f44ac3593c20208d6ad,https://medium.com/@bloxroutelabs?source=rss-ca4f4916e54f------2,0,0,0,0,0,0,0,0
https://medium.com/feed/@gnosisPM,Stories by Gnosis on Medium,be4196266583ac40223f709c222a019c,https://medium.com/@gnosisPM?source=rss-e7281ad70ea------2,0,0,0,0,0,0,0,0
https://medium.com/feed/notes-finance,Notes.Finance - Medium,b7deb4588ee8bdc14ccd510e8646649d,https://medium.com/notes-finance?source=rss----ba17caaefdfc---4,0,0,0,0,0,0,0,0
https://medium.com/feed/bitwise-asset-management,Bitwise Asset Management - Medium,772676723e58a05935d8209a156584e4,https://medium.com/bitwise-asset-management?source=rss----eca2e68c9fe1---4,0,0,0,0,0,0,0,0
https://medium.com/feed/piedao,PieDAO - Medium,83b75353855cc4625a1fddbae0f153c5,https://medium.com/piedao?source=rss----fff42cec1eb8---4,0,0,0,0,0,0,0,0
https://medium.com/feed/universal-ethereum,UniLogin - Medium,24961708a0d2a245bd48be9dc29baf0f,https://medium.com/universal-ethereum?source=rss----6bb8b9ef68fa---4,0,0,0,0,0,0,0,0
https://medium.com/feed/@SamouraiWallet,Stories by Samourai Wallet on Medium,85843a3a74ded2df3408699c3cfd41a6,https://medium.com/@SamouraiWallet?source=rss-adf906ef26f3------2,0,0,0,0,0,0,0,0
https://medium.com/feed/walletconnect,WalletConnect - Medium,25229727111a8cea86ef2c4be6fddb08,https://medium.com/walletconnect?source=rss----4480e03af75e---4,0,0,0,0,0,0,0,0
https://medium.com/feed/stakenet,Stakenet - Medium,b97273da541138d9827c01b83c020430,https://medium.com/stakenet?source=rss----45b27f57b6cb---4,0,0,0,0,0,0,0,0
https://medium.com/feed/@matterlabs,Stories by Matter Labs on Medium,16693f594b305ffd683a352671cecb22,https://medium.com/@matterlabs?source=rss-ce7010e1f5b3------2,0,0,0,0,0,0,0,0
https://medium.com/feed/@atvanguard,Stories by atvanguard on Medium,bc19314d9ef048f035a891ba86d2c52a,https://medium.com/@atvanguard?source=rss-694ca2a647c1------2,0,0,0,0,0,0,0,0
https://medium.com/feed/upshothq,UpshotHQ - Medium,7286fa0ea6ba1f2aa5e1e2aa7988705e,https://blog.upshot.io?source=rss----7a0db4cf2a6---4/,0,0,0,0,0,0,0,0
https://medium.com/feed/toruslabs,Web3Auth - Medium,723fa6b69e2cd72467e0c0fea44af6ed,https://medium.com/toruslabs?source=rss----d7a5d97be647---4,0,0,0,0,0,0,0,0
https://medium.com/feed/@wyre,Stories by Wyre on Medium,1283687ac7be4256d86dfec9bb9f0f00,https://medium.com/@wyre?source=rss-eaf6087c3e95------2,0,0,0,0,0,0,0,0
https://medium.com/feed/@groprotocol,Stories by Gro on Medium,5aebbcc493ece261d8283bd53232fdf5,https://medium.com/@groprotocol?source=rss-5e3d2ad71cc6------2,0,0,0,0,0,0,0,0
https://medium.com/feed/anchorage,Anchorage Digital - Medium,cb26289e7305d2e6a3698cc4937fe9a2,https://medium.com/anchorage?source=rss----ce238f71fc69---4,0,0,0,0,0,0,0,0
https://medium.com/feed/ethereum-swarm,Ethereum Swarm - Medium,8377382e0e50fa904b481507ac302805,https://medium.com/ethereum-swarm?source=rss----6491b1f2d8f9---4,0,0,0,0,0,0,0,0
https://medium.com/feed/melonprotocol,Enzyme - Medium,aa54b876ebd0e6842bc72965428f4390,https://medium.com/enzymefinance?source=rss----738060d65eb9---4,0,0,0,0,0,0,0,0
https://medium.com/feed/@illuvium,Stories by Illuvium on Medium,56eba472040ff9fe67836078ba715f8a,https://medium.com/@illuvium?source=rss-1c2a2f798ba2------2,0,0,0,0,0,0,0,0
https://medium.com/feed/zklinkdefi,zkLinkDeFi - Medium,1fa085b350e3ab3df8d2faa950bc9bfb,https://blog.zk.link?source=rss----ecb0b0bf9f0f---4/,0,0,0,0,0,0,0,0
https://medium.com/feed/algorand,Algorand - Medium,17747d16eb43acb9dda3c36797c1ea1f,https://medium.com/algorand?source=rss----1841d6b46db8---4,0,0,0,0,0,0,0,0
https://medium.com/feed/jarvis-network,Jarvis Network - Medium,57b592d8e6fe903b3169cd2997b09917,https://medium.com/jarvis-network?source=rss----b52144783e2---4,0,0,0,0,0,0,0,0
https://medium.com/feed/@automatanetwork,Stories by Automata Network on Medium,e5723da3df5f6d31e75b8932b42e63a1,https://medium.com/@automatanetwork?source=rss-f15317e02c04------2,0,0,0,0,0,0,0,0
https://neo.org/blog/rss?language=zh,Neo blog posts list,90a447c47c2e78c51d6f563561491a4c,https://neo.org/blog,0,0,0,0,0,0,0,0
https://medium.com/feed/element-finance,Element Finance - Medium,7343f23098539b4f7d25685263b2e4cc,https://medium.com/element-finance?source=rss----c970070d83e1---4,0,0,0,0,0,0,0,0
https://medium.com/feed/the-ethereum-name-service,The Ethereum Name Service - Medium,06370c2e1d916dfc7a2025874d353461,https://medium.com/the-ethereum-name-service?source=rss----63df5ce4636f---4,0,0,0,0,0,0,0,0
https://medium.com/feed/@apwine,Stories by APWine Finance on Medium,257734ddc95e5cbb1fe3cc7232a7c772,https://medium.com/@apwine?source=rss-61c39ff7eaa8------2,0,0,0,0,0,0,0,0
https://medium.com/feed/@subquery,Stories by SubQuery Network on Medium,d9f0dcba240cce36770a06c29329e10b,https://medium.com/@subquery?source=rss-363112002081------2,0,0,0,0,0,0,0,0
https://medium.com/feed/iearn,Yearn - Medium,fd134928b238dabd50f00e40a2e3bf2c,https://medium.com/iearn?source=rss----3ee5f70df954---4,0,0,0,1,0,0,0,0
https://medium.com/feed/dia-insights,DIA Insights - Medium,ddf010919b8366ce438268b79195aa00,https://medium.com/dia-insights?source=rss----f4e4fee4b1de---4,0,0,0,0,0,0,0,0
https://medium.com/feed/opendao,OpenDAO - Medium,63558806e7e6f09a8a6672b02f1f965b,https://medium.com/opendao?source=rss----264b0082a1fe---4,0,0,0,0,0,0,0,0
https://medium.com/feed/theta-network,Theta Network - Medium,de0bba4a3b92fea30b962215e1db60f8,https://medium.com/theta-network?source=rss----87e3dcb520ee---4,0,0,0,0,0,0,0,0
https://medium.com/feed/mining-dao,Mining DAO - Medium,d58ed80cec6f406ff30e260d271f2489,https://medium.com/mining-dao?source=rss----d03b1308be21---4,0,0,0,0,0,0,0,0
https://medium.com/feed/@ethernitychain,Stories by Ethernity Chain on Medium,12292583ec821575e83af228692fead8,https://medium.com/@ethernitychain?source=rss-162d5aab32c4------2,0,0,0,0,0,0,0,0
https://medium.com/feed/rocket-pool,Rocket Pool - Medium,61bc23a3473641e77c389f58a8d309df,https://medium.com/rocket-pool?source=rss----5245e87458b9---4,0,0,0,0,0,0,0,0
https://medium.com/feed/thorchain,THORChain - Medium,4d75457ee400553bdcd8e759f250c29d,https://medium.com/thorchain?source=rss----7451090fee20---4,0,0,0,0,0,0,0,0
https://blog.gridplus.io/feed,GridPlus - Medium,064645102ce00685ac3c520885df3a18,https://blog.gridplus.io?source=rss----40c8ba40960---4/,0,0,0,0,0,0,0,0
https://medium.com/feed/ethereum-cat-herders,Ethereum Cat Herders - Medium,d304151e7c5c213846124b4c59e3c43d,https://medium.com/ethereum-cat-herders?source=rss----cb99bef2c5dc---4,0,0,0,0,0,0,0,0
https://medium.com/feed/duckdao,DuckDAO - Medium,98472d6b008deca3c4a8014c94e57b08,https://medium.com/duckdao?source=rss----3c7886fabf1f---4,0,0,0,0,0,0,0,0
https://medium.com/feed/@metisdao,Stories by MetisDAO on Medium,4c8f1593552ce7348d649a1750a31c20,https://medium.com/@metisdao?source=rss-bd38879543ea------2,0,0,0,0,0,0,0,0
https://media.consensys.net/feed,ConsenSys Media - Medium,aa04820225e518b15313fa6a91f100b4,https://media.consensys.net?source=rss----3018c972aab8---4/,0,0,0,0,0,0,0,0
https://medium.com/feed/@tornado-cash,Stories by Tornado Cash on Medium,d7c8d980bf7d8206c9b0ddcaae350ba1,https://medium.com/@tornado-cash?source=rss-f5afbb39f1c0------2,0,0,0,0,0,0,0,0
https://medium.com/feed/krystaldefi,Krystal DeFi - Medium,df828ba798746dd7979e18c2719aba94,https://blog.krystal.app?source=rss----c50893e2a0ed---4/,0,0,0,0,0,0,0,0
https://aave.mirror.xyz/feed/atom,,6552d0d23d394767c5271838856d7662,https://aave.mirror.xyz/,0,0,0,0,0,0,0,0
https://blog.coinbase.com/feed,,9ea6c29dc69a7cca9b1c837c84d35c8e,https://blog.coinbase.com?source=rss----c114225aeaf7---4/,0,0,0,0,0,0,0,0
https://blog.sismo.io/feed,,442e99b315c013151625d59464f693d2,https://medium.com/@sismo_eth?source=rss-1e60085551f7------2,0,0,0,0,0,0,0,0
https://ethresear.ch/latest.rss,Ethereum Research - Latest topics,622d2be960c44f24317f3ee93b3c1130,https://ethresear.ch/latest,0,0,1,0,0,0,0,0
https://blog.kyve.network/feed,,b2f259c8164ceca90db574c3f2cbfa2a,https://blog.kyve.network?source=rss----e18740274836---4/,0,0,0,0,0,0,0,0
http://city.mirror.xyz/feed/atom,,eb4cef52bd931c8d00d6697d0a6fa2dd,https://city.mirror.xyz/,0,0,0,0,0,0,0,0
https://blog.samouraiwallet.com/rss,,643ff49c09e1b27a795676449c84aa10,https://blog.samouraiwallet.com/,0,0,0,0,0,0,0,0
https://blog.pods.finance/feed,,c83506ce1870f0514c7710c3403d8f86,https://blog.pods.finance?source=rss----8db42191a3a2---4/,0,0,0,0,0,0,0,0
https://safe.mirror.xyz/feed/atom,,713afa32ebd395ff4f3b5da0821b757f,https://safe.mirror.xyz/,0,0,0,0,0,0,0,0
https://snapshot.mirror.xyz/feed/atom,,0910a3d2639a3c3f717487d7b95daf17,https://snapshot.mirror.xyz/,0,0,0,0,0,0,0,0
http://medium.com/feed/@@futuristiclawyer,Stories by FuturisticLawyer on Medium,c2f46f2c326f04934f17d01009ad2c26,https://medium.com/@futuristiclawyer?source=rss-ed49a5400747------2,0,0,0,0,0,0,0,0
https://blog.keyst.one/feed,,844e12b0caa6b001f645f6e54d3b96b8,https://blog.keyst.one?source=rss----a9077bfb4ed8---4/,0,0,0,0,0,0,0,0
https://medium.com/feed/@phyrex.ni,Stories by Phyrex Ni on Medium,b70d3a434be70691266cedc67ab0a141,https://medium.com/@phyrex.ni?source=rss-dda494b12c29------2,0,0,0,0,0,0,0,0
https://rabbithole.mirror.xyz/feed/atom,,892606edecf7d0f5d699999a522133b6,https://rabbithole.mirror.xyz/,0,0,0,0,0,0,0,0
https://ens.mirror.xyz/feed/atom,,89f4c01df8ba8b2d26a04f49aa6bd573,https://ens.mirror.xyz/,0,0,0,0,0,0,0,0
https://optimism.mirror.xyz/feed/atom,,26c51541c9b99e192248e121a4208876,https://optimism.mirror.xyz/,0,0,0,0,0,0,0,0
https://blog.bancor.network/feed/,,147e5e4e9485c2f2408bf471c4fc2e5e,https://blog.bancor.network?source=rss----ea0872525293---4/,0,0,0,1,0,0,0,0
http://medium.com/feed/@eigenphi,Stories by EigenPhi on Medium,715ee3222a758a99ae16a331b7e7c4e4,https://medium.com/@eigenphi?source=rss-b9b5b3cb1690------2,0,0,0,0,0,0,0,0
https://radicle.mirror.xyz/feed/atom,,9d0ac71e1c9a0e8fea0693b35dbadf08,https://radicle.mirror.xyz/,0,0,0,0,0,0,0,0
https://hop.mirror.xyz/feed/atom,,e8e23e5d4722b4d99cd6f354e0448e93,https://hop.mirror.xyz/,0,0,0,0,0,0,0,0
http://feeds.feedburner.com/ConsenSys/news,,bf37acd3fcc3cdc516923fec4d35f39d,https://consensys.net/,0,0,0,0,0,0,0,0
https://cointelegraph.com/rss,,420520888dc1754660a32a2971f2829d,https://cointelegraph.com/,0,0,0,0,1,0,0,0
https://newsroom.paypal-corp.com/news?pagetemplate=rss,,e66e1bd06a22fe3cefe25d93aa601d8a,https://newsroom.paypal-corp.com/,0,0,0,0,0,0,0,0
https://blog.keep.network/feed,,3989ad42eedda2856fef16a15fee97e4,https://blog.keep.network?source=rss----97dbae9a533---4/,0,0,0,0,0,0,0,0
https://ethresear.ch/posts.rss,,54f15925e8cad58700ff0965ca5ff822,https://ethresear.ch/,0,0,0,0,0,0,0,0
https://techcrunch.com/tag/bitcoin/feed,,cfd46434c7bb8e9825b56de11256d6ba,,0,0,0,0,0,0,0,0
https://techflowpost.mirror.xyz/feed/atom,,71ced52300aa926b8f9c8ed3b0074e37,,0,0,0,0,0,0,0,0
https://mirror.xyz/keystonecn.eth/feed/atom,,4ffb376bac2d4e171b31712b28d6ae29,,0,0,0,0,0,0,0,0
https://blog.infura.io/rss/,,62f0a0b42604d41941962a37cbfeb99e,,0,0,0,0,0,0,0,0
https://maplefinance.ghost.io/rss/,,38b502cf43e65a741005119732fcdfe9,,0,0,0,0,0,0,0,0
http://mirror.xyz/chainfeeds.eth/feed/atom,,7fdd04dad6dec6b27669b12755c2024f,,0,0,0,0,0,0,0,0